<?xml version="1.0" encoding="UTF-8"?>
<project-private xmlns="http://www.netbeans.org/ns/project-private/1">
    <editor-bookmarks xmlns="http://www.netbeans.org/ns/editor-bookmarks/2" lastBookmarkId="0"/>
    <open-files xmlns="http://www.netbeans.org/ns/projectui-open-files/2">
        <group>
            <file>file:/C:/Users/jamie/OneDrive%20-%20National%20College%20of%20Ireland/Documents/NetBeansProjects/SolVerde/src/solverde/AnnualCalculator.java</file>
            <file>file:/C:/Users/jamie/OneDrive%20-%20National%20College%20of%20Ireland/Documents/NetBeansProjects/SolVerde/src/solverde/CostPlanGUI.java</file>
            <file>file:/C:/Users/jamie/OneDrive%20-%20National%20College%20of%20Ireland/Documents/NetBeansProjects/SolVerde/src/solverde/InstallGuideGUI.java</file>
            <file>file:/C:/Users/jamie/OneDrive%20-%20National%20College%20of%20Ireland/Documents/NetBeansProjects/SolVerde/src/solverde/RandomQuotes.java</file>
            <file>file:/C:/Users/jamie/OneDrive%20-%20National%20College%20of%20Ireland/Documents/NetBeansProjects/SolVerde/src/solverde/DailyCalculator.java</file>
            <file>file:/C:/Users/jamie/OneDrive%20-%20National%20College%20of%20Ireland/Documents/NetBeansProjects/SolVerde/src/solverde/CostCalculator.java</file>
            <file>file:/C:/Users/jamie/OneDrive%20-%20National%20College%20of%20Ireland/Documents/NetBeansProjects/SolVerde/src/solverde/SolVerde.java</file>
            <file>file:/C:/Users/jamie/OneDrive%20-%20National%20College%20of%20Ireland/Documents/NetBeansProjects/SolVerde/src/solverde/WeeklyCalculator.java</file>
        </group>
    </open-files>
</project-private>
